{
    "alt-speed-down": 50, 
    "alt-speed-enabled": false, 
    "alt-speed-time-begin": 540, 
    "alt-speed-time-day": 127, 
    "alt-speed-time-enabled": false, 
    "alt-speed-time-end": 1020, 
    "alt-speed-up": 50, 
    "bind-address-ipv4": "0.0.0.0", 
    "bind-address-ipv6": "::", 
    "blocklist-enabled": false, 
    "blocklist-url": "http://www.example.com/blocklist",
    "cache-size-mb": 4, 
    "dht-enabled": false, 
    "download-dir": "/home/RPCUSERNAME/transmission/download", 
    "download-queue-enabled": false, 
    "download-queue-size": 99, 
    "encryption": 1, 
    "idle-seeding-limit": 1800, 
    "idle-seeding-limit-enabled": false, 
    "incomplete-dir": "/home/RPCUSERNAME/transmission/incomplete", 
    "incomplete-dir-enabled": false, 
    "lazy-bitfield-enabled": true, 
    "lpd-enabled": false, 
    "message-level": 2, 
    "open-file-limit": 100000, 
    "peer-limit-global": 10000, 
    "peer-limit-per-torrent": 5000, 
    "peer-port": 51413, 
    "peer-port-random-high": 65535, 
    "peer-port-random-low": 49152, 
    "peer-port-random-on-start": true, 
    "peer-socket-tos": "default", 
    "pex-enabled": false, 
    "pidfile": "/var/run/transmission-daemon.pid", 
    "port-forwarding-enabled": true, 
    "preallocation": 1, 
    "prefetch-enabled": 1, 
    "proxy": "", 
    "proxy-auth-enabled": false, 
    "proxy-auth-password": "", 
    "proxy-auth-username": "", 
    "proxy-enabled": false, 
    "proxy-port": 80, 
    "proxy-type": 0, 
    "queue-stalled-enabled": false, 
    "queue-stalled-minutes": 300, 
    "ratio-limit": 99, 
    "ratio-limit-enabled": false, 
    "rename-partial-files": true, 
    "rpc-authentication-required": true, 
    "rpc-bind-address": "0.0.0.0", 
    "rpc-enabled": true, 
    "rpc-password": "RPCPASSWORD", 
    "rpc-port": 9099, 
    "rpc-url": "/transmission/", 
    "rpc-username": "RPCUSERNAME", 
    "rpc-whitelist": "*.*.*.*", 
    "rpc-whitelist-enabled": false, 
    "scrape-paused-torrents-enabled": true, 
    "script-torrent-done-enabled": false, 
    "script-torrent-done-filename": "", 
    "seed-queue-enabled": false, 
    "seed-queue-size": 5000, 
    "speed-limit-down": 1024000, 
    "speed-limit-down-enabled": false, 
    "speed-limit-up": 1024000, 
    "speed-limit-up-enabled": false, 
    "start-added-torrents": true, 
    "trash-original-torrent-files": false, 
    "umask": 0, 
    "upload-slots-per-torrent": 2000, 
    "utp-enabled": false, 
    "watch-dir": "/home/RPCUSERNAME/transmission/watch", 
    "watch-dir-enabled": true
}
